{"learning_rate": 0.010159420122082687, "num_leaves": 108, "max_depth": 7, "min_data_in_leaf": 52, "colsample_bytree": 0.7029959907508365, "subsample": 0.6782886014929876, "reg_alpha": 6.403061519989674, "reg_lambda": 0.06365826032814192}